{"cameraMode":{"drawMode":0,"name":"Shaded","section":"Shading Mode"},"sceneLighting":true,"audioPlay":false,"sceneViewState":{"m_AlwaysRefresh":false,"showFog":true,"showSkybox":true,"showFlares":true,"showImageEffects":true,"showParticleSystems":true,"showVisualEffectGraphs":true,"m_FxEnabled":true},"in2DMode":false,"pivot":{"x":276.0210266113281,"y":613.3521728515625,"z":-57.923561096191409},"rotation":{"x":0.07611163705587387,"y":-0.011368848383426667,"z":-0.0008676071302033961,"w":-0.9970365166664124},"size":174.05862426757813,"orthographic":false}